{
  "LSTM": {
    "val": {
      "accuracy": 0.4963144963144963,
      "precision": 0.5210727969348659,
      "recall": 0.6296296296296297,
      "f1": 0.570230607966457,
      "roc_auc": 0.5223967422920303
    },
    "test": {
      "accuracy": 0.5759803921568627,
      "precision": 0.6410256410256411,
      "recall": 0.6276150627615062,
      "f1": 0.6342494714587738,
      "roc_auc": 0.5538610086405388
    }
  },
  "GRU": {
    "val": {
      "accuracy": 0.5135135135135135,
      "precision": 0.5333333333333333,
      "recall": 0.6666666666666666,
      "f1": 0.5925925925925926,
      "roc_auc": 0.5488413806476633
    },
    "test": {
      "accuracy": 0.5465686274509803,
      "precision": 0.6015037593984962,
      "recall": 0.6694560669456067,
      "f1": 0.6336633663366337,
      "roc_auc": 0.5569805154613652
    }
  }
}